Severity_Type,Gender,Age,Time_of_Crash,Alcohol/Drug Use,Violation_Type_Aggressive Driving,Violation_Type_Distracted Behavior,Violation_Type_Failed to Yield Right of Way,Violation_Type_Lane Violation,Violation_Type_Overspeeding,Violation_Type_Signal/Sign Violation,Violation_Type_Turning Violation,Collision_Type_Angle,Collision_Type_Head On,Collision_Type_Rear End,Collision_Type_Sideswipe,Collision_Type_Stationary Object,Collision_Type_Turning
0,1,30.0,0,1,0,0,0,0,1,0,0,0,0,1,0,0,0
0,0,38.0,3,0,0,0,1,0,0,0,0,1,0,0,0,0,0
0,1,28.0,2,1,0,0,0,0,1,0,0,0,0,1,0,0,0
0,0,43.0,3,0,0,0,1,0,0,0,0,1,0,0,0,0,0
1,0,30.0,0,0,0,0,0,0,1,0,0,0,0,0,0,1,0
0,0,38.0,3,0,0,0,0,0,1,0,0,0,0,1,0,0,0
1,1,68.0,3,0,0,0,0,0,1,0,0,0,0,1,0,0,0
1,1,29.0,3,0,0,0,0,1,0,0,0,0,0,0,0,1,0
1,0,22.0,3,0,0,0,1,0,0,0,0,0,0,0,0,0,1
1,1,19.0,3,0,0,0,1,0,0,0,0,0,0,0,0,0,1
1,0,19.0,0,0,1,0,0,0,0,0,0,0,0,1,0,0,0
1,1,43.0,2,0,0,0,0,0,1,0,0,0,0,1,0,0,0
1,0,27.0,3,0,0,0,0,0,0,1,0,1,0,0,0,0,0
0,0,22.0,3,0,0,0,0,0,0,0,1,1,0,0,0,0,0
4,1,45.0,2,0,0,0,1,0,0,0,0,1,0,0,0,0,0
0,0,19.0,1,0,0,0,1,0,0,0,0,1,0,0,0,0,0
1,0,22.0,2,1,0,0,0,0,1,0,0,0,0,0,0,1,0
0,1,27.0,3,0,1,0,0,0,0,0,0,0,0,1,0,0,0
1,0,60.0,3,0,0,0,0,0,0,1,0,1,0,0,0,0,0
1,0,15.0,1,0,0,0,0,0,1,0,0,0,0,0,0,1,0
0,1,37.0,2,0,0,0,1,0,0,0,0,0,0,0,0,0,1
0,1,66.0,2,0,0,0,0,0,0,1,0,1,0,0,0,0,0
1,1,41.0,0,1,0,0,0,0,0,1,0,0,0,0,0,0,1
1,0,51.0,3,0,1,0,0,0,0,0,0,0,0,1,0,0,0
0,0,18.0,2,0,0,0,0,0,1,0,0,0,0,1,0,0,0
0,0,59.0,2,0,0,0,1,0,0,0,0,1,0,0,0,0,0
0,0,21.0,2,0,0,0,0,1,0,0,0,0,0,0,1,0,0
0,1,23.0,2,0,1,0,0,0,0,0,0,0,0,1,0,0,0
1,1,60.0,3,0,0,0,1,0,0,0,0,1,0,0,0,0,0
0,0,20.0,3,0,0,0,0,0,1,0,0,0,0,1,0,0,0
0,0,21.0,0,0,0,0,1,0,0,0,0,0,0,0,0,0,1
1,1,56.0,0,0,0,0,1,0,0,0,0,0,0,0,0,0,1
3,0,29.0,0,1,0,0,0,0,1,0,0,0,0,1,0,0,0
1,1,29.0,2,1,0,0,1,0,0,0,0,0,0,0,0,0,1
1,0,26.0,2,0,0,0,0,0,1,0,0,0,0,0,0,1,0
1,1,27.0,3,0,1,0,0,0,0,0,0,0,0,1,0,0,0
0,1,28.0,3,0,0,0,0,0,1,0,0,0,0,1,0,0,0
0,1,17.0,0,0,0,0,0,0,0,1,0,1,0,0,0,0,0
0,1,20.0,3,0,0,0,0,0,1,0,0,0,0,1,0,0,0
0,0,16.0,3,0,0,0,1,0,0,0,0,1,0,0,0,0,0
0,1,23.0,0,1,0,0,0,0,1,0,0,0,0,0,0,1,0
0,1,40.0,1,0,0,0,0,1,0,0,0,0,0,0,0,1,0
0,1,57.0,1,0,0,0,0,0,0,0,1,1,0,0,0,0,0
0,0,15.0,3,0,0,0,1,0,0,0,0,0,0,0,0,0,1
0,1,22.0,0,0,0,0,1,0,0,0,0,0,0,0,0,0,1
0,0,22.0,0,0,0,0,0,0,1,0,0,0,0,1,0,0,0
1,1,58.0,3,0,0,0,0,0,1,0,0,0,0,0,0,1,0
1,0,40.0,3,0,1,0,0,0,0,0,0,0,0,1,0,0,0
1,1,43.0,0,0,0,0,1,0,0,0,0,0,0,0,0,0,1
0,0,66.0,0,0,0,0,0,1,0,0,0,0,0,0,0,1,0
4,1,18.0,0,0,0,0,0,0,1,0,0,0,0,0,0,1,0
0,1,22.0,2,0,0,0,1,0,0,0,0,0,0,0,1,0,0
0,0,24.0,3,0,0,0,1,0,0,0,0,0,0,0,1,0,0
1,0,27.0,3,0,0,0,1,0,0,0,0,0,0,0,0,0,1
1,1,22.0,3,0,1,0,0,0,0,0,0,0,0,1,0,0,0
0,1,40.0,3,0,0,0,0,0,1,0,0,0,0,0,0,1,0
1,1,24.0,0,0,0,0,1,0,0,0,0,0,0,0,0,0,1
0,1,19.0,2,0,0,0,0,1,0,0,0,0,0,0,1,0,0
1,0,25.0,3,0,1,0,0,0,0,0,0,0,0,1,0,0,0
0,1,35.0,3,0,0,0,1,0,0,0,0,0,0,0,0,0,1
0,1,91.0,3,0,0,0,0,1,0,0,0,0,0,0,1,0,0
0,0,22.0,3,0,0,0,1,0,0,0,0,0,0,0,0,0,1
0,1,33.0,0,0,0,0,1,0,0,0,0,1,0,0,0,0,0
1,0,27.0,2,0,1,0,0,0,0,0,0,0,0,1,0,0,0
1,1,37.0,2,0,0,0,0,1,0,0,0,0,0,0,1,0,0
0,0,24.0,2,0,1,0,0,0,0,0,0,0,0,1,0,0,0
1,0,21.0,2,0,0,0,0,0,0,1,0,1,0,0,0,0,0
0,1,20.0,3,0,0,0,0,0,0,1,0,1,0,0,0,0,0
1,1,18.0,0,0,0,0,1,0,0,0,0,1,0,0,0,0,0
0,1,51.0,0,0,0,0,0,0,1,0,0,0,0,1,0,0,0
0,1,18.0,0,0,0,0,1,0,0,0,0,1,0,0,0,0,0
1,1,28.0,0,1,0,0,0,0,1,0,0,0,0,0,0,1,0
0,1,27.0,1,1,0,0,0,1,0,0,0,0,0,0,1,0,0
0,1,33.0,1,0,0,0,0,1,0,0,0,0,0,0,0,1,0
1,0,18.0,0,0,1,0,0,0,0,0,0,0,0,1,0,0,0
0,0,30.0,0,0,0,0,0,0,1,0,0,0,0,1,0,0,0
0,1,40.0,1,1,0,0,0,0,1,0,0,0,0,1,0,0,0
0,1,28.0,1,1,0,0,0,0,1,0,0,1,0,0,0,0,0
0,1,58.0,2,0,0,0,0,0,1,0,0,0,0,1,0,0,0
1,0,46.0,3,0,0,0,0,0,0,1,0,1,0,0,0,0,0
0,1,20.0,1,0,0,0,0,0,1,0,0,0,0,0,0,1,0
1,1,39.0,3,0,0,0,0,0,1,0,0,0,0,1,0,0,0
0,1,21.0,3,0,0,0,1,0,0,0,0,0,0,1,0,0,0
1,0,39.0,3,0,0,0,0,0,1,0,0,0,0,1,0,0,0
1,1,48.0,3,0,0,0,0,0,1,0,0,0,0,1,0,0,0
1,0,23.0,0,0,0,0,1,0,0,0,0,0,0,0,0,0,1
0,1,24.0,0,0,1,0,0,0,0,0,0,0,0,1,0,0,0
0,1,22.0,2,0,0,0,1,0,0,0,0,0,0,0,0,0,1
1,1,32.0,3,0,1,0,0,0,0,0,0,0,0,1,0,0,0
0,0,38.0,1,0,0,0,0,0,0,1,0,1,0,0,0,0,0
0,1,41.0,2,0,0,0,0,0,1,0,0,0,0,1,0,0,0
0,0,40.0,3,0,0,0,0,1,0,0,0,0,0,0,0,1,0
0,1,29.0,3,1,1,0,0,0,0,0,0,0,0,1,0,0,0
0,1,29.0,3,1,1,0,0,0,0,0,0,0,0,1,0,0,0
0,1,20.0,3,0,0,0,0,1,0,0,0,0,0,0,0,1,0
0,0,78.0,2,0,1,0,0,0,0,0,0,0,0,1,0,0,0
1,1,65.0,2,0,0,0,0,0,0,1,0,1,0,0,0,0,0
0,0,46.0,2,0,0,0,0,1,0,0,0,0,0,0,1,0,0
1,1,33.0,3,0,0,0,1,0,0,0,0,1,0,0,0,0,0
1,0,16.0,3,0,0,0,0,0,0,1,0,0,0,0,0,0,1
0,0,18.0,3,0,0,0,0,0,0,1,0,1,0,0,0,0,0
1,1,20.0,3,0,0,0,1,0,0,0,0,0,0,0,0,0,1
0,1,66.0,0,0,0,0,0,0,0,1,0,0,0,0,0,0,1
1,0,25.0,2,0,0,0,0,0,1,0,0,0,0,1,0,0,0
0,1,27.0,3,0,0,0,0,0,0,1,0,1,0,0,0,0,0
1,1,21.0,3,0,0,0,0,0,1,0,0,0,0,0,0,1,0
1,1,62.0,2,0,0,0,0,0,0,1,0,1,0,0,0,0,0
0,0,55.0,3,0,0,0,0,0,0,0,1,0,0,0,1,0,0
1,1,19.0,3,0,0,0,0,0,1,0,0,0,0,1,0,0,0
0,0,21.0,3,0,0,0,0,0,0,1,0,0,0,0,1,0,0
1,1,54.0,3,0,0,0,0,0,0,1,0,0,0,0,0,0,1
1,1,23.0,0,0,0,0,0,0,1,0,0,0,0,0,0,1,0
1,0,33.0,0,0,1,0,0,0,0,0,0,0,0,1,0,0,0
1,1,26.0,2,0,1,0,0,0,0,0,0,0,0,1,0,0,0
1,1,25.0,3,0,1,0,0,0,0,0,0,0,0,1,0,0,0
0,0,18.0,3,0,1,0,0,0,0,0,0,0,0,1,0,0,0
0,0,77.0,3,0,0,0,0,1,0,0,0,0,1,0,0,0,0
0,1,36.0,3,0,0,0,1,0,0,0,0,0,0,0,0,0,1
1,0,32.0,3,1,0,0,0,0,1,0,0,0,0,1,0,0,0
1,0,31.0,3,0,1,0,0,0,0,0,0,0,0,1,0,0,0
0,1,19.0,0,0,0,0,1,0,0,0,0,0,0,0,0,0,1
0,1,42.0,0,0,1,0,0,0,0,0,0,0,0,1,0,0,0
1,1,26.0,0,0,0,0,0,1,0,0,0,1,0,0,0,0,0
0,0,49.0,2,0,0,0,0,0,1,0,0,0,0,1,0,0,0
0,1,65.0,2,0,0,0,1,0,0,0,0,0,0,0,0,0,1
0,1,19.0,3,0,1,0,0,0,0,0,0,0,0,1,0,0,0
1,0,19.0,3,0,1,0,0,0,0,0,0,0,0,1,0,0,0
0,0,22.0,3,0,0,0,1,0,0,0,0,0,0,0,0,0,1
0,1,50.0,3,0,0,0,0,0,1,0,0,0,0,1,0,0,0
4,0,25.0,0,1,0,0,0,0,1,0,0,0,0,0,0,1,0
1,1,21.0,0,0,0,0,1,0,0,0,0,0,0,0,0,0,1
1,0,17.0,2,0,0,0,1,0,0,0,0,0,0,0,0,0,1
1,1,72.0,2,0,0,0,0,0,1,0,0,0,0,1,0,0,0
1,1,31.0,2,0,1,0,0,0,0,0,0,0,0,1,0,0,0
0,1,28.0,2,0,1,0,0,0,0,0,0,0,0,1,0,0,0
0,1,26.0,2,0,1,0,0,0,0,0,0,0,0,1,0,0,0
1,0,46.0,3,0,0,0,0,1,0,0,0,0,0,0,1,0,0
0,1,72.0,3,0,0,0,0,0,1,0,0,0,0,1,0,0,0
1,1,23.0,3,1,0,0,0,1,0,0,0,0,0,0,0,1,0
0,0,26.0,3,0,1,0,0,0,0,0,0,0,0,1,0,0,0
0,0,24.0,0,1,0,0,0,0,1,0,0,0,0,0,0,1,0
0,1,26.0,3,0,1,0,0,0,0,0,0,0,0,1,0,0,0
0,0,56.0,3,0,0,0,1,0,0,0,0,0,0,0,0,0,1
1,1,26.0,1,0,0,0,0,0,0,1,0,1,0,0,0,0,0
1,1,39.0,2,0,0,0,0,0,0,1,0,1,0,0,0,0,0
0,1,53.0,0,0,0,0,0,0,0,1,0,0,0,0,0,0,1
1,0,90.0,3,0,0,0,0,0,0,1,0,0,0,0,0,0,1
0,1,53.0,0,1,0,0,0,0,1,0,0,0,0,1,0,0,0
0,1,28.0,0,0,0,0,0,0,1,0,0,0,0,1,0,0,0
0,1,28.0,0,0,0,0,0,0,1,0,0,0,0,1,0,0,0
1,1,59.0,2,0,0,0,0,0,0,1,0,1,0,0,0,0,0
3,0,50.0,2,0,0,0,1,0,0,0,0,0,0,0,0,0,1
1,0,22.0,3,0,0,0,0,0,0,1,0,1,0,0,0,0,0
0,1,61.0,0,0,0,0,0,0,0,1,0,1,0,0,0,0,0
1,0,70.0,3,0,0,0,1,0,0,0,0,0,0,0,0,0,1
1,1,32.0,3,0,1,0,0,0,0,0,0,0,0,1,0,0,0
1,0,18.0,3,0,0,0,1,0,0,0,0,1,0,0,0,0,0
0,1,19.0,0,0,0,0,1,0,0,0,0,0,1,0,0,0,0
1,1,21.0,3,0,1,0,0,0,0,0,0,0,0,1,0,0,0
1,1,52.0,3,0,1,0,0,0,0,0,0,0,0,1,0,0,0
0,1,37.0,1,1,0,0,0,1,0,0,0,0,0,0,1,0,0
1,1,61.0,0,0,0,0,0,0,1,0,0,0,0,1,0,0,0
1,0,20.0,0,0,0,0,1,0,0,0,0,1,0,0,0,0,0
0,1,30.0,0,0,0,0,0,1,0,0,0,0,1,0,0,0,0
0,1,56.0,1,1,0,0,0,0,1,0,0,0,0,0,0,1,0
0,1,19.0,0,0,0,0,0,0,0,1,0,0,0,0,0,0,1
0,1,20.0,0,0,0,0,1,0,0,0,0,1,0,0,0,0,0
0,0,17.0,0,0,0,0,0,0,1,0,0,0,0,0,0,1,0
0,0,33.0,2,1,1,0,0,0,0,0,0,0,0,1,0,0,0
1,0,51.0,2,0,0,0,1,0,0,0,0,0,0,0,0,0,1
1,1,33.0,2,0,0,0,0,0,0,1,0,0,0,0,0,0,1
1,1,29.0,2,0,1,0,0,0,0,0,0,0,0,1,0,0,0
1,0,85.0,2,0,0,0,1,0,0,0,0,0,0,1,0,0,0
0,1,26.0,3,0,1,0,0,0,0,0,0,0,0,1,0,0,0
0,1,26.0,0,1,0,0,0,0,0,1,0,0,0,0,0,1,0
0,0,19.0,1,0,0,0,0,0,1,0,0,0,0,0,0,1,0
1,1,18.0,2,0,0,0,0,1,0,0,0,0,0,0,1,0,0
1,0,20.0,2,0,0,0,1,0,0,0,0,0,0,0,0,0,1
1,1,23.0,2,0,1,0,0,0,0,0,0,0,0,1,0,0,0
1,0,29.0,3,0,1,0,0,0,0,0,0,0,0,1,0,0,0
3,1,26.0,0,0,0,0,0,1,0,0,0,0,0,0,0,1,0
0,1,57.0,2,0,0,0,0,0,0,0,1,0,0,0,1,0,0
0,1,59.0,3,1,1,0,0,0,0,0,0,0,0,1,0,0,0
0,0,72.0,3,0,0,0,0,0,1,0,0,0,0,1,0,0,0
1,1,77.0,3,0,0,0,1,0,0,0,0,0,0,0,0,0,1
1,0,17.0,3,0,0,0,0,1,0,0,0,1,0,0,0,0,0
0,1,49.0,2,0,0,0,0,1,0,0,0,0,0,0,1,0,0
1,0,16.0,2,0,1,0,0,0,0,0,0,0,0,1,0,0,0
1,1,20.0,3,0,0,0,0,0,0,1,0,1,0,0,0,0,0
0,1,18.0,3,0,1,0,0,0,0,0,0,0,0,1,0,0,0
1,1,30.0,3,0,0,0,0,0,0,1,0,0,0,0,0,0,1
0,1,24.0,0,0,1,0,0,0,0,0,0,0,0,1,0,0,0
0,0,38.0,0,0,0,0,0,0,1,0,0,0,0,0,0,1,0
0,0,65.0,0,0,0,0,0,1,0,0,0,0,0,1,0,0,0
0,1,24.0,0,0,0,0,0,1,0,0,0,0,0,0,1,0,0
0,1,45.0,3,0,0,0,1,0,0,0,0,0,0,0,0,0,1
0,0,61.0,3,0,1,0,0,0,0,0,0,0,0,1,0,0,0
0,1,58.0,3,0,0,0,0,1,0,0,0,0,0,0,1,0,0
0,0,65.0,3,0,0,0,0,0,0,0,1,0,0,0,1,0,0
0,1,27.0,3,0,1,0,0,0,0,0,0,0,0,1,0,0,0
0,0,18.0,0,0,1,0,0,0,0,0,0,0,0,1,0,0,0
1,1,29.0,2,0,0,0,0,0,0,1,0,1,0,0,0,0,0
1,1,60.0,2,0,0,0,0,0,0,1,0,1,0,0,0,0,0
0,0,20.0,2,0,0,0,0,1,0,0,0,0,0,0,1,0,0
1,1,37.0,3,0,0,0,0,0,0,1,0,0,0,0,0,0,1
1,1,19.0,2,0,0,0,1,0,0,0,0,0,0,0,0,0,1
0,0,71.0,2,0,1,0,0,0,0,0,0,0,0,1,0,0,0
0,0,19.0,3,0,0,0,1,0,0,0,0,1,0,0,0,0,0
0,1,62.0,0,0,1,0,0,0,0,0,0,0,0,1,0,0,0
0,0,16.0,0,0,0,0,0,0,1,0,0,0,0,0,0,1,0
0,0,27.0,2,0,0,0,0,0,0,0,1,0,0,0,0,0,1
0,1,26.0,3,0,0,0,0,0,1,0,0,0,0,1,0,0,0
1,0,58.0,3,0,0,0,0,0,0,1,0,1,0,0,0,0,0
0,1,22.0,0,1,0,0,0,0,1,0,0,0,0,0,0,1,0
0,0,25.0,1,1,0,0,0,0,0,0,1,0,0,0,0,0,1
1,1,79.0,2,0,0,0,0,1,0,0,0,1,0,0,0,0,0
1,0,20.0,0,0,0,0,0,0,1,0,0,0,0,1,0,0,0
0,0,20.0,2,0,0,0,0,0,0,1,0,1,0,0,0,0,0
0,1,29.0,0,0,0,0,1,0,0,0,0,1,0,0,0,0,0
1,0,74.0,2,0,0,0,1,0,0,0,0,1,0,0,0,0,0
1,1,21.0,2,0,0,0,0,0,1,0,0,0,0,0,0,1,0
1,1,39.0,0,0,0,0,0,0,1,0,0,0,0,1,0,0,0
0,1,21.0,0,0,0,0,0,1,0,0,0,1,0,0,0,0,0
1,1,39.0,0,0,0,0,0,1,0,0,0,1,0,0,0,0,0
0,0,39.0,0,1,0,0,0,0,1,0,0,0,0,0,0,1,0
0,1,21.0,0,1,0,0,0,0,1,0,0,0,0,0,0,1,0
0,1,21.0,0,1,0,0,0,1,0,0,0,0,0,0,1,0,0
0,1,19.0,2,0,0,0,0,1,0,0,0,0,0,0,0,1,0
0,1,23.0,0,0,0,0,0,0,1,0,0,0,0,1,0,0,0
0,1,26.0,0,0,0,0,0,0,1,0,0,0,0,1,0,0,0
1,1,31.0,3,0,0,0,1,0,0,0,0,0,0,0,0,0,1
1,0,22.0,0,1,0,0,0,0,1,0,0,0,0,0,0,1,0
0,0,18.0,2,0,0,0,0,0,1,0,0,0,0,1,0,0,0
0,0,82.0,3,0,0,0,0,0,1,0,0,0,0,1,0,0,0
1,1,44.0,0,1,0,0,0,0,0,0,1,0,0,0,0,0,1
1,1,23.0,0,0,0,0,0,1,0,0,0,0,0,0,0,1,0
0,1,27.0,3,1,0,0,0,0,1,0,0,0,0,0,0,1,0
1,1,25.0,0,0,0,0,0,0,1,0,0,0,0,1,0,0,0
0,1,64.0,2,0,0,0,0,1,0,0,0,0,0,0,1,0,0
1,0,28.0,3,0,0,0,0,1,0,0,0,0,0,1,0,0,0
0,1,37.0,0,0,0,0,0,1,0,0,0,0,0,0,1,0,0
3,1,23.0,0,0,0,0,0,0,1,0,0,0,0,0,0,1,0
0,1,45.0,1,1,0,0,0,0,1,0,0,0,0,0,0,1,0
0,1,69.0,2,0,0,0,1,0,0,0,0,0,0,0,0,0,1
0,1,22.0,0,0,0,0,0,0,1,0,0,0,0,1,0,0,0
0,1,49.0,3,0,0,0,1,0,0,0,0,1,0,0,0,0,0
0,0,53.0,3,0,0,0,0,0,1,0,0,0,0,0,1,0,0
1,1,27.0,3,1,0,0,0,0,1,0,0,0,0,1,0,0,0
0,1,68.0,2,0,0,0,1,0,0,0,0,1,0,0,0,0,0
0,1,33.0,3,0,0,0,1,0,0,0,0,1,0,0,0,0,0
1,1,57.0,3,0,0,0,1,0,0,0,0,1,0,0,0,0,0
0,1,40.0,0,0,0,0,0,0,0,1,0,1,0,0,0,0,0
0,0,34.0,0,0,0,0,1,0,0,0,0,1,0,0,0,0,0
1,1,27.0,3,0,0,0,0,0,0,1,0,1,0,0,0,0,0
1,0,88.0,3,0,0,0,0,0,0,1,0,1,0,0,0,0,0
1,1,22.0,3,0,1,0,0,0,0,0,0,0,0,1,0,0,0
1,0,35.0,0,0,0,0,0,0,1,0,0,0,0,1,0,0,0
0,0,26.0,0,0,1,0,0,0,0,0,0,1,0,0,0,0,0
1,0,24.0,1,1,0,0,0,0,1,0,0,0,0,0,0,1,0
3,1,29.0,2,0,0,0,0,0,1,0,0,0,0,1,0,0,0
0,1,32.0,2,0,0,0,0,1,0,0,0,0,0,0,0,1,0
0,1,26.0,3,0,0,0,0,0,0,0,1,1,0,0,0,0,0
3,1,16.0,0,0,0,0,1,0,0,0,0,1,0,0,0,0,0
1,0,21.0,0,0,0,0,1,0,0,0,0,0,0,0,0,0,1
1,1,32.0,0,1,0,0,1,0,0,0,0,0,0,0,0,0,1
1,0,23.0,0,0,0,0,1,0,0,0,0,0,0,0,0,0,1
1,0,19.0,0,0,0,0,1,0,0,0,0,1,0,0,0,0,0
1,1,24.0,0,0,0,0,1,0,0,0,0,0,0,0,0,0,1
1,0,40.0,2,0,0,0,0,1,0,0,0,0,0,1,0,0,0
0,0,25.0,3,0,0,0,0,0,0,1,0,1,0,0,0,0,0
1,0,21.0,0,0,0,0,1,0,0,0,0,0,0,0,0,0,1
0,1,24.0,0,1,0,0,0,0,1,0,0,0,0,0,0,1,0
1,1,62.0,2,0,0,0,0,1,0,0,0,0,0,0,0,1,0
1,1,37.0,3,0,0,0,1,0,0,0,0,0,0,0,0,0,1
0,0,18.0,0,0,0,0,0,1,0,0,0,0,0,0,1,0,0
0,1,30.0,3,0,0,0,0,0,1,0,0,0,0,1,0,0,0
0,0,54.0,3,0,1,0,0,0,0,0,0,0,0,1,0,0,0
0,1,65.0,3,1,0,0,0,0,1,0,0,0,0,1,0,0,0
1,1,22.0,0,1,0,0,0,0,1,0,0,0,0,0,0,1,0
3,1,26.0,1,1,0,0,0,0,0,1,0,1,0,0,0,0,0
1,1,36.0,1,0,0,0,0,0,1,0,0,0,0,1,0,0,0
0,1,24.0,2,0,1,0,0,0,0,0,0,0,0,1,0,0,0
0,1,22.0,2,0,0,0,0,1,0,0,0,0,0,0,1,0,0
0,0,56.0,3,0,0,0,1,0,0,0,0,1,0,0,0,0,0
0,1,21.0,0,0,0,0,1,0,0,0,0,0,0,0,0,0,1
1,0,66.0,0,0,0,0,1,0,0,0,0,0,0,0,0,0,1
1,1,17.0,0,0,0,0,0,0,1,0,0,0,0,1,0,0,0
1,1,26.0,0,0,0,0,0,0,1,0,0,0,0,1,0,0,0
0,1,63.0,0,0,0,0,0,1,0,0,0,0,0,0,1,0,0
1,1,44.0,0,0,0,0,1,0,0,0,0,0,0,0,0,0,1
0,1,34.0,2,0,0,0,0,0,1,0,0,0,0,1,0,0,0
0,0,55.0,3,0,0,0,0,0,1,0,0,0,0,1,0,0,0
0,1,42.0,3,0,0,0,0,1,0,0,0,0,0,0,1,0,0
0,1,78.0,3,0,0,0,0,0,0,0,1,0,0,0,1,0,0
1,1,32.0,3,0,0,0,1,0,0,0,0,0,0,0,0,0,1
0,1,16.0,0,0,1,0,0,0,0,0,0,0,0,1,0,0,0
1,0,19.0,0,0,0,0,0,0,1,0,0,0,0,1,0,0,0
0,1,54.0,3,0,0,0,0,1,0,0,0,0,0,0,1,0,0
1,1,70.0,2,0,0,0,0,0,0,1,0,1,0,0,0,0,0
0,1,24.0,2,0,1,0,0,0,0,0,0,0,0,1,0,0,0
0,0,23.0,2,0,0,0,0,0,1,0,0,0,0,1,0,0,0
0,1,36.0,3,0,1,0,0,0,0,0,0,0,0,1,0,0,0
0,0,18.0,2,0,0,0,0,0,1,0,0,0,0,1,0,0,0
0,0,24.0,0,0,1,0,0,0,0,0,0,0,0,1,0,0,0
0,1,34.0,0,0,1,0,0,0,0,0,0,0,0,1,0,0,0
1,1,38.0,1,1,0,0,0,0,1,0,0,0,0,1,0,0,0
1,0,66.0,2,0,0,0,1,0,0,0,0,1,0,0,0,0,0
1,0,43.0,2,0,0,0,0,0,1,0,0,0,0,1,0,0,0
1,0,22.0,2,0,0,0,0,1,0,0,0,0,0,0,0,0,1
0,1,62.0,2,0,1,0,0,0,0,0,0,0,0,1,0,0,0
0,1,36.0,3,0,1,0,0,0,0,0,0,0,0,1,0,0,0
0,0,64.0,3,0,0,0,0,1,0,0,0,0,0,0,1,0,0
0,1,50.0,0,0,0,0,0,0,0,0,1,0,0,0,1,0,0
1,1,28.0,0,0,0,0,0,1,0,0,0,1,0,0,0,0,0
1,1,52.0,0,0,0,0,0,0,1,0,0,0,0,1,0,0,0
1,1,24.0,1,1,0,0,0,0,1,0,0,0,0,0,0,1,0
0,1,66.0,2,0,1,0,0,0,0,0,0,0,0,1,0,0,0
1,0,24.0,2,0,0,0,0,0,1,0,0,1,0,0,0,0,0
0,1,27.0,3,0,0,0,0,0,1,0,0,0,0,1,0,0,0
1,0,19.0,3,1,0,0,0,0,1,0,0,0,0,1,0,0,0
0,1,22.0,3,0,0,0,1,0,0,0,0,1,0,0,0,0,0
1,0,35.0,0,0,0,0,0,0,0,1,0,0,0,0,0,0,1
0,1,73.0,0,0,0,0,0,0,1,0,0,0,0,0,1,0,0
0,1,37.0,0,0,0,0,0,0,0,0,1,0,1,0,0,0,0
0,0,26.0,0,1,0,0,0,0,1,0,0,0,0,1,0,0,0
1,1,42.0,2,0,0,0,0,0,0,1,0,1,0,0,0,0,0
1,0,78.0,2,0,0,0,0,0,0,1,0,1,0,0,0,0,0
0,1,21.0,2,0,1,0,0,0,0,0,0,0,0,1,0,0,0
1,1,35.0,3,0,0,0,0,0,0,1,0,1,0,0,0,0,0
1,1,23.0,3,0,1,0,0,0,0,0,0,0,0,1,0,0,0
1,1,33.0,0,0,0,0,0,0,0,1,0,1,0,0,0,0,0
1,1,35.0,3,0,0,0,0,0,0,1,0,0,0,0,0,0,1
0,1,33.0,3,0,1,0,0,0,0,0,0,0,0,1,0,0,0
0,0,25.0,0,0,0,0,1,0,0,0,0,0,0,0,0,0,1
0,0,25.0,2,0,1,0,0,0,0,0,0,0,0,1,0,0,0
0,0,54.0,3,0,0,0,1,0,0,0,0,0,0,0,0,0,1
0,0,23.0,3,0,0,0,0,0,1,0,0,0,0,1,0,0,0
0,0,40.0,3,0,0,0,0,1,0,0,0,0,0,0,1,0,0
0,1,35.0,3,0,0,0,0,0,0,0,1,0,0,0,1,0,0
0,0,40.0,3,0,0,0,0,0,1,0,0,0,0,1,0,0,0
0,1,19.0,0,0,0,0,0,0,0,1,0,1,0,0,0,0,0
0,0,82.0,0,0,0,0,1,0,0,0,0,0,0,0,0,0,1
0,0,31.0,0,0,0,0,0,0,0,1,0,1,0,0,0,0,0
0,1,47.0,2,0,0,0,0,0,0,0,1,1,0,0,0,0,0
0,0,19.0,3,0,1,0,0,0,0,0,0,0,0,1,0,0,0
0,1,59.0,3,0,0,0,0,0,0,0,1,0,0,0,0,0,1
0,1,28.0,3,0,0,0,1,0,0,0,0,1,0,0,0,0,0
1,1,22.0,0,0,0,0,0,0,1,0,0,0,0,1,0,0,0
0,1,18.0,2,0,0,0,0,1,0,0,0,0,0,0,1,0,0
1,1,45.0,2,0,0,0,0,0,0,0,1,0,0,0,1,0,0
1,1,28.0,2,0,0,0,0,0,1,0,0,0,1,0,0,0,0
1,0,43.0,3,0,0,0,1,0,0,0,0,1,0,0,0,0,0
1,0,31.0,3,1,0,0,0,0,0,1,0,1,0,0,0,0,0
0,0,20.0,0,0,0,0,0,0,1,0,0,0,0,1,0,0,0
1,1,50.0,0,0,0,0,0,0,1,0,0,0,0,1,0,0,0
1,1,23.0,2,0,0,0,0,0,0,0,1,0,0,0,1,0,0
3,0,24.0,3,0,0,0,1,0,0,0,0,1,0,0,0,0,0
0,1,23.0,3,0,1,0,0,0,0,0,0,0,0,1,0,0,0
0,1,34.0,3,0,1,0,0,0,0,0,0,0,0,1,0,0,0
1,0,23.0,0,0,0,0,1,0,0,0,0,0,0,0,0,0,1
0,1,19.0,0,0,0,0,1,0,0,0,0,0,0,0,0,0,1
0,1,51.0,2,0,0,0,0,1,0,0,0,0,0,0,1,0,0